category,metric,segment,value,unit,sample_size
retrieval,Recall@10,all,1.0,ratio,250
retrieval,MRR,all,1.0,ratio,250
latency,p50,all,133.909166,ms,250
latency,p95,all,226.763375,ms,250
latency,p99,all,239.991542,ms,250
latency,p50,exact,198.130625,ms,84
latency,p95,exact,234.160625,ms,84
latency,p99,exact,262.61925,ms,84
latency,p50,lexical,120.953291,ms,166
latency,p95,lexical,151.075875,ms,166
latency,p99,lexical,175.065917,ms,166
ingest,throughput,all,23.436704,writes/s,10000
storage,database_size,all,41177088,bytes,10000
